ID,...1,baseMean,log2FoldChange,lfcSE,stat,pvalue,padj
1,hsa-miR-3940-3p,102.762175287948,3.63232902612094,0.960480901968013,3.78178162489056,1.5570993110636e-4,0.0633739419602904
